id,first_name,last_name,is_volunteer,is_requestee,dbs
2,Alex,Hanson,True,False,True
3,Joanne,Chang,True,False,False
4,Albert,Norman,True,False,True
5,Bernard,Clay,True,False,False
6,Tyrone,Johnson,True,False,False
7,Chad,Mckinney,True,False,False
8,Steven,Mullen,True,False,False
9,Katherine,Summers,True,False,False
10,Jane,Kramer,True,False,True
11,Martin,Bradshaw,True,False,False
12,Sharon,Booker,True,False,False
13,Sam,Contreras,True,False,False
14,Luis,Cherry,True,False,True
15,Victoria,Garrison,True,False,True
16,Amber,Pineda,True,False,True
17,Tyrone,Munoz,True,False,False
18,Clinton,Boyd,True,False,False
19,Carlos,Kirk,True,False,True
20,Daryl,Hammond,True,False,True
21,Terrance,Fuentes,True,False,False
